ph,Turbidity
,2.963135381
3.716080075,4.500656275
8.099124189,3.05593375
8.316765884,4.628770537
9.092223456,4.075075425
5.584086638,2.559708228
10.22386216,2.672988737
8.635848719,4.401424715
,3.595017181
11.18028447,4.370561937
7.360640106,3.662291783
7.974521649,4.011718108
7.119824384,3.445756223
,4.413974183
7.496232208,4.777382337
6.347271761,4.376348291
7.0517858,4.268428858
9.181560007,4.503660796
8.975464348,2.43608559
7.371050302,2.560299148
,4.133422644
6.660212026,3.749701241
,5.459250956
3.902475686,4.528522696
5.400301781,4.82478639
6.514415093,5.200885077
3.445061864,4.184396969
,4.004871128
,3.991564248
,6.038184953
7.181448581,5.088859989
9.825489908,2.857472426
10.43329098,5.057310517
7.414148196,3.160624468
,5.029166724
5.115817064,3.902088768
3.641629777,3.464353035
5.618064406,2.896546941
,2.907563915
9.267187531,4.324004646
,3.510004045
5.331940479,4.434820258
7.145771545,5.182590704
9.920691059,4.69070723
4.758439425,4.542801462
5.702925977,4.137739016
6.953864226,3.195710328
10.68296643,3.999775382
,4.405586
8.757257397,3.626135442
,3.048057223
7.809631898,2.447444464
6.652488091,3.742090426
9.147197055,3.794531591
10.56074464,3.96468635
7.484254838,4.781188177
8.520806573,3.94060453
4.999413811,4.460683932
,4.405385706
,4.08990769
3.906078355,3.902879712
6.391353624,3.923749169
,3.855602212
8.692092013,4.477960248
8.085759801,4.068688909
6.203977702,5.215689206
5.058108869,5.106655774
,4.620793452
,3.439740042
7.261550522,3.636364183
7.160467231,3.884891044
5.704764776,4.157533407
6.217273135,5.325833446
8.67993497,3.873470298
,4.655916599
6.897322141,5.02278363
3.514545529,3.762615331
3.722500486,3.662837732
6.455004797,2.293431406
7.316804754,3.50837265
1.844538366,5.013463351
5.519125656,3.75899586
7.408985467,3.772420928
5.976769618,2.994671096
6.395359132,4.191217515
6.20964226,3.612519615
6.762832522,4.916579161
9.918717064,3.385508444
10.15544017,5.00246726
8.721726711,2.555026904
,4.383921814
,3.355164642
6.099646705,3.172789769
9.02678772,2.019042018
6.953371603,3.651865808
6.140877557,5.359460295
7.077874007,4.764508265
5.488314309,5.066786272
7.205559175,3.710053126
9.177869866,3.108769988
4.270716195,3.763905903
7.348844512,4.880875156
8.52616987,5.083014142
,3.995973787
2.612035915,4.76520537
8.490571562,3.875556805
,3.398592587
8.858401531,5.525726338
6.098156521,3.977362364
8.419970682,3.962478314
9.286155021,5.23998187
7.875895135,4.238589203
7.725332908,3.724836704
3.388090611,2.798600948
6.745306715,3.90235259
,5.629015636
7.183825723,4.597165512
10.1119767,3.425763242
7.397413299,3.14915751
7.812804388,6.204846359
6.877456933,3.827650072
,4.664350321
,4.197595209
7.521051679,2.880785347
8.550875469,3.772886607
10.30847766,3.285077052
,5.052736766
7.371085073,4.412589537
11.18069466,3.809841654
6.506487767,3.548775589
6.643935775,3.812952926
5.03377399,3.244948477
6.912607562,2.612248953
7.977635991,3.5521295
6.078335837,4.201580906
6.242414484,4.508705098
6.06335479,3.467336915
8.129585514,3.362537135
9.562405944,3.762719837
8.167792632,4.289395484
8.594416135,3.568991708
,3.679795035
6.825467901,3.027449578
7.861177701,4.157656628
4.96577356,3.421766849
6.207432968,3.549298841
,4.417559791
9.769251006,4.636556195
9.63066548,4.920091158
5.187471605,3.203257896
7.633570088,2.927066767
5.77119905,4.688959065
6.579969329,4.575931872
4.801154368,4.418638132
7.948815718,3.692250861
6.906992172,2.124759352
,4.444350199
,3.463172548
8.461330874,3.771944146
7.726134808,3.720636904
,3.777737414
8.927078148,4.601860959
6.20801554,4.334615732
6.128425635,4.633823862
,2.678910713
7.308048848,3.696119712
,4.353238589
8.640886409,5.263101572
,4.102529482
8.153210075,2.905788134
8.29372011,3.954715283
,3.310858508
,3.706601792
9.489972878,4.219967522
7.830976343,4.588784657
4.430281212,4.384565156
7.240739639,3.556297467
,3.665521764
6.867301322,3.82359504
6.129637015,4.615886181
7.917049443,3.659484625
6.511618075,4.850433708
5.323815584,2.880721846
6.769572869,5.22054027
5.87797404,4.032259504
9.534021716,2.768238928
6.340027628,3.686001324
8.66159243,3.67043101
5.653506135,5.198985504
6.626012184,4.194313129
7.793833573,4.172935335
7.59312765,3.377337638
7.362736502,4.408513182
9.320305445,4.205809732
3.719791644,2.718397734
6.655605026,2.951644715
9.868877881,3.355489791
5.590614436,4.726845017
5.554436511,2.095914087
4.126528715,4.460200984
5.970035657,5.428674072
,4.600927569
8.369154354,3.629749331
6.284248242,3.377132289
11.26782838,4.153347001
9.298018008,3.681324244
7.895469246,4.2369473
7.947485786,3.70085384
10.02615916,4.182277582
6.48819324,4.592073571
5.869736755,4.689315048
,3.659974812
5.30414266,4.165723664
7.533614823,3.462763987
4.077607725,2.758658531
,3.87385335
7.086168401,3.416539753
6.271012171,5.303581361
7.957768344,3.450745892
8.875642278,4.006991559
,4.358298341
6.613709118,3.539771111
7.735705022,2.148611536
9.925041328,4.703803489
9.00258311,4.904837415
5.095766465,4.35219347
8.594677108,4.754072499
7.083779061,3.887680685
7.682872498,3.778606788
,3.313199022
6.419772474,3.095233157
4.443238899,3.268324836
6.978664262,4.766943236
6.623613566,2.915165951
3.664710562,3.316157657
4.814135621,5.190851805
5.779673705,4.656377233
6.937818783,3.724089564
7.436782609,3.727663719
4.723312573,3.917586695
9.380658051,4.034349047
7.810144933,4.033773709
9.436637164,4.41111744
9.406325753,3.097277957
6.321259315,4.501457204
,3.605154199
4.705356496,3.437450134
8.896418988,3.700945733
6.581878202,4.201662864
6.755145902,5.162729749
9.445129838,3.875165247
9.024845037,3.985250506
,2.747312999
6.80011909,3.8549399
7.174135163,3.939895657
7.657991237,2.437296288
8.322986672,4.052135728
5.934279093,5.217895024
9.802720782,2.764633881
6.101955231,3.53559633
4.997770601,3.404632906
4.815766791,4.375223811
6.548020558,3.611860372
13.17540172,4.10692449
6.618010906,4.437695749
7.788054733,3.368757217
5.191834327,3.859800939
5.626339528,1.943318777
6.869638941,4.726702454
9.058628424,3.65213447
7.291888325,5.328712788
7.275908774,5.062297798
6.512737124,4.612963629
7.207886781,3.762741072
,3.772919265
5.324941856,4.427137926
7.082300649,3.485577388
5.33418358,5.091357101
10.7618978,4.661798516
6.286806948,4.104863275
9.794558699,2.945418738
8.210443565,4.97605516
6.941719438,4.563183171
10.35611883,4.201849441
7.958984292,4.698007916
3.882631081,3.734001387
5.671773833,3.833159746
10.00330054,4.746381859
6.552847474,4.687986155
7.628552723,4.182057148
4.79084054,3.258858945
7.710959939,4.28894682
8.291299006,3.424701921
6.193170101,3.466645288
9.032660579,4.927218272
6.139493741,3.260906853
7.12942473,3.418610803
,4.109590274
5.418503763,4.506539591
8.075494508,3.682919645
,4.081701398
10.04967372,5.133477823
5.667650647,3.633213756
,3.807920062
8.923980608,4.15558319
6.428866313,4.184783372
6.960603502,4.978820188
5.873675846,5.412090885
6.79546901,5.163088154
10.04102797,3.807562606
,4.124780678
7.296037734,4.168526118
,3.497577391
5.862641233,5.50742094
7.292141805,4.466912564
8.062805643,4.471842
7.82197094,3.532958335
11.301794,3.309580397
6.593764313,2.346578095
9.161088613,4.888061137
,5.922581692
4.642953052,3.982867293
7.798453676,4.107267203
5.564342491,2.285987849
7.886591227,4.589983508
7.443189014,2.664832796
3.657123133,3.31462973
9.597191857,5.145152871
6.964225943,3.990437572
7.672909523,4.268227482
6.737004072,4.063170289
,4.135745329
5.382489039,4.173330283
7.022952113,4.971907099
,2.969136099
10.02622381,3.736228471
5.583832998,3.870156921
7.952929116,5.260014766
5.500186641,4.178478951
7.543700466,3.630536578
6.848331559,4.396604556
,3.779554492
5.910251729,3.660922908
8.716820334,3.205128767
6.016889136,4.422269233
9.567822726,4.197919055
4.296247024,4.163328982
3.551579177,3.96599397
8.529669348,3.776040837
8.065339036,3.756391707
9.158445163,4.525236731
8.848586283,4.014681858
9.495456382,4.168541279
8.052893916,3.634844542
2.798549099,3.663252222
6.425873866,3.731936503
7.757269666,4.165432286
7.748654706,2.511810493
5.117390303,3.937188442
7.481535362,4.262065437
5.374222585,3.642778438
7.063646976,3.39586624
6.876451043,4.545340927
4.812433652,3.0209959
4.993530734,3.153809337
4.788861062,2.896852186
4.037287739,3.04504857
6.505872509,4.497528597
6.779773967,2.729104523
6.952511674,4.105495485
5.628406919,5.050683115
5.966000489,4.177139266
6.319431545,2.653126688
8.02724787,3.480640837
8.882684452,3.827920867
5.991283475,4.840562301
10.27244427,3.179884727
,4.728123985
6.105140135,3.103089844
9.443358884,3.486646409
6.887414371,4.564188355
6.512900833,4.404040365
5.772718095,6.494249467
4.912557262,4.897372508
9.739561949,2.568079877
5.541979019,3.672975983
,3.601735481
,3.451740047
6.448931033,3.622195522
5.477912295,3.774256121
8.544708662,2.31815248
7.378597016,3.215219463
6.66400305,2.227727884
6.775582812,4.333636278
8.736371211,3.802116117
7.146976296,4.025762216
,5.652222113
5.040331692,3.603325615
,4.003819012
7.745499128,4.043334781
6.259651603,4.213405262
8.59639118,3.519884366
5.767349597,3.896090487
7.088940642,5.661104287
8.029181613,4.388551012
,4.120931424
4.725785565,3.15633142
8.19576536,3.218709224
6.443753668,4.498684931
7.039094321,4.366031351
,4.407566169
,5.110414149
6.945224092,4.823082014
5.742110407,3.323069564
5.59662785,5.235111121
7.350378987,3.663922184
6.262798867,4.012517558
9.927023723,4.051733473
5.381407519,4.364066935
4.961352728,3.902837834
6.457097525,2.637364885
6.53936951,4.527364378
6.252410005,2.722908161
7.967344823,4.069358772
,4.825792283
7.60952119,3.145842903
6.887863944,5.454487652
9.879071258,4.218831154
7.63876177,4.496626599
6.961891686,3.44672846
8.060609624,3.60090567
7.240271791,3.832597167
7.486779709,5.048833995
8.410460643,2.977359946
6.143921454,3.476213304
6.09617989,5.142471132
6.384824009,4.144998518
9.462666017,2.850183766
7.868147086,4.315898406
5.873157137,5.120887965
,5.14411422
6.529304448,3.361088407
5.152203722,4.689842818
7.858662779,3.422470521
7.704410252,3.031364369
6.728004386,4.410697353
10.46450248,4.956358408
9.11278625,4.567087634
8.079808358,3.611057441
7.078659419,3.696640141
,4.093097749
8.043889299,3.15994937
7.040244978,3.993409764
5.483974109,4.063613621
8.53440688,2.544733701
7.266594535,3.357439471
6.256651148,4.181050753
7.240351006,3.7829719
8.692115322,2.283475159
8.639540978,4.192932215
7.179864149,3.878447314
7.163999223,3.354322267
8.926113143,2.752134121
6.353110302,2.856175487
6.681553568,2.956748075
5.445325981,3.946989523
7.539881893,4.53159367
,4.482459764
4.37047658,4.649382034
10.31640038,3.407349428
6.599593819,4.702310753
4.197583589,5.206480177
7.920794564,3.374326523
6.330732765,3.940000423
,5.128346524
7.76414261,4.105178268
8.237142634,4.939109441
5.679234115,2.339572736
7.417570368,4.671557881
4.775983439,4.382161619
7.86509497,4.795025555
5.903465715,4.587086719
7.705711006,3.861956077
7.815121778,3.096163272
6.139743032,3.841221574
5.041405028,4.543685761
8.675192692,4.97857536
7.689358004,4.978556095
8.570129121,4.604404561
5.671762326,3.268693507
6.624806428,2.840910756
6.541007699,2.355934229
,6.739
9.241197563,5.265728858
,4.514981624
6.340809022,5.45860969
5.980357227,4.247240149
7.60597883,3.242849929
6.427512443,6.032994877
,3.888235227
6.109073312,4.881101138
5.842933081,4.143224936
5.36754649,4.267189591
5.345887147,2.950360943
5.386307352,3.662563465
9.919478426,4.11748804
,4.328026357
7.121458435,3.774600526
9.418296122,4.604633154
7.457164758,4.106543052
5.27222756,5.068556189
7.29195704,4.237643894
7.803833221,2.907387267
6.844350911,2.877062813
5.608745232,4.644211645
5.701154645,3.403136416
5.412762498,4.091205593
,3.912148351
5.018132384,4.286478967
4.552238411,3.932804334
,4.613578722
7.025305942,5.989542791
5.770620969,4.240821478
8.437875983,3.815468994
5.907078269,4.296479909
6.89834133,5.371284156
10.25273437,3.290372492
8.206499938,4.22512093
7.286167388,4.686019916
8.809296432,3.87905374
6.641500687,4.694311216
6.145148361,4.600885755
5.906441765,4.807495942
5.38984593,3.577674921
5.006562979,3.665205612
6.5036382,4.963184434
9.606858896,4.405351952
8.742229882,2.842393186
8.394397412,2.83390143
,3.257744181
3.841205038,3.635634543
4.301373467,3.067626699
9.895889213,3.813428659
4.319440673,3.241972101
8.313773604,4.290071516
,2.380084227
3.410359671,3.721765769
7.510943342,3.342409054
6.978290868,4.931878079
,4.380978304
7.46072722,3.949014618
,4.54358117
7.220165553,4.398685036
8.790851189,3.480271755
,4.148611317
,5.77661102
9.049166054,2.814000683
9.515140615,3.812887661
6.14524294,4.09093992
7.494212047,5.492704955
7.091885817,5.116406585
6.624572528,4.333720849
6.032188903,3.423831621
6.344095425,3.843484016
,4.10343896
7.459144859,3.841052038
6.361666803,3.681765114
9.011588754,2.897292531
7.466213132,2.081845657
5.739816333,2.722571208
7.785106673,4.904613044
7.138586781,3.272429761
8.805177745,5.176205069
8.003031485,3.137551206
7.157337864,5.183622115
6.427365144,3.568823153
6.124672271,3.631006709
8.457901037,4.914276095
5.772197394,3.078985839
,4.589161805
6.760790523,4.905490433
7.895045662,3.084431233
8.576739928,3.916114733
5.596729818,3.826158191
8.145632374,4.307547519
6.665495068,3.928495392
6.499067998,4.355880125
9.735889388,5.573210319
9.268281895,5.255703382
,3.9991255
10.0596421,3.81878876
6.475885399,4.306112971
6.096128348,2.956447478
6.297845634,1.680554025
5.284096687,4.800963142
8.26994471,3.076479932
6.03956779,4.206835504
6.243279004,3.472839213
8.214099764,3.38186391
,3.916745527
,4.284878629
,3.569570266
9.836030547,4.219118008
8.719764332,2.887725422
7.009601694,3.121944851
6.492638846,4.667770161
7.814524321,2.901699556
9.652562935,3.192569799
8.00754122,5.25017306
,3.716659341
,3.845127166
7.386837696,4.816705216
5.497580321,5.060114929
6.057828114,3.292249267
,4.235174415
6.268953337,4.674495973
,4.969149725
6.284984822,5.703287743
9.043095632,4.008499341
8.523062079,5.112376365
,4.183319911
,2.913048443
4.02905271,4.179656267
6.412707042,5.014144884
6.27629499,4.342759277
7.648877928,4.953533863
5.548181849,3.945460484
,2.604959925
7.468617019,3.384178841
,3.764703594
7.918150471,4.028958007
,4.266775395
,4.161749271
5.433242117,3.675717673
8.33951161,4.827704247
6.715719088,2.443008006
6.09801209,4.590616741
6.576845323,3.771313518
4.68109876,4.125750333
8.15121531,3.523980506
,2.364558912
,5.666547311
5.669689566,3.592133424
6.6249436,3.546696372
8.273643584,3.331583735
,4.306218231
,3.282061393
10.50966863,3.505078834
5.171434094,2.949431503
6.9641983,2.395683182
6.548796521,4.197305125
6.555439264,3.79204017
9.042582866,4.34844014
5.970578908,5.013281168
6.273805782,4.510405324
6.604007989,4.458966913
7.14394199,3.792840307
8.11644657,2.934697437
7.66518778,2.707129162
5.555352973,4.536145914
7.543931305,3.703191306
,3.56139783
7.340170884,3.919139533
10.01518906,3.846547549
,2.72365054
7.846463341,3.885623898
,2.000757032
6.334162776,4.038829793
9.616095703,2.946643668
,2.475284464
8.892998479,3.619132805
,3.957011709
8.1414299,4.350921901
8.165714933,3.92011648
4.931958445,5.045982883
8.977821883,3.199999614
7.372611796,3.182521119
9.107330383,4.492139949
4.168248461,2.804525051
7.806909023,5.127910988
6.704635426,3.42217862
3.623165848,5.370205549
7.966856824,5.115430914
4.595607756,3.978919807
,4.058942266
3.994497606,3.379147351
8.907987118,4.641258532
5.898726325,4.899815187
9.514626622,2.64503637
8.842463656,4.576728706
7.721078494,3.22395109
9.089421098,4.430116016
1.757037115,2.96755413
7.725192099,4.163325537
6.729191489,5.112254251
5.085429353,3.96173067
9.545270521,4.983903465
,3.693510936
6.246264054,5.044454778
7.376449105,5.767354666
7.802426084,4.363529881
8.596767212,3.238692933
6.436444496,3.415851385
7.333477726,4.772662701
6.144759038,3.082080496
4.725997721,3.644606541
5.393345914,4.633854752
5.624819996,4.355489162
5.768868031,3.092626379
,2.775635434
5.251353815,4.072252323
7.688785916,3.918673156
3.681076271,3.893070403
4.897691707,3.894464333
5.842754601,4.490392564
,4.41481891
5.038316783,3.913695776
9.961247709,3.246583097
7.417502637,3.391240667
,4.441979836
5.099932005,5.159301249
3.633162829,3.349571655
8.860450854,4.677713327
10.13793229,3.872018159
9.90081484,2.39500211
10.2684305,4.304689262
0.22749905,3.545741438
6.017260924,4.427712282
7.110845138,5.712792127
6.350290472,4.265233067
8.12934172,4.822043564
10.25281623,4.559836219
5.462355935,4.486180492
9.239440361,3.471971127
7.071314192,4.29372656
7.115895266,3.736020547
8.238996597,3.089923749
6.446252032,4.976957858
6.161779499,4.003547029
6.772156538,3.827255961
7.06184552,3.958248504
4.638250259,4.124537825
7.678966889,3.718981559
8.137713063,2.743866752
7.481397772,4.03997629
8.082148076,3.373484514
,4.290393224
7.702183099,4.382159162
6.750761186,2.777726265
,4.649365028
6.323942073,3.575010576
5.403883692,3.189942299
5.699873488,2.416402098
7.694264582,5.707192759
8.581428694,3.388448222
9.888941401,3.75016351
3.426450368,5.97805394
8.370440489,3.21063541
,4.26852452
8.390500572,4.150359337
7.58194468,4.833345774
9.850054687,4.521836127
5.225683807,3.695746982
9.663653196,4.741944305
,5.010163393
7.935607325,3.619650737
8.92814208,4.111101546
6.920342899,3.266213475
10.53809844,3.823092676
5.729302912,3.556394812
5.335688809,3.921976381
,3.261591731
6.769834881,3.655789569
6.848329601,3.732202018
,3.30829418
,4.599572634
,4.930189986
8.589202344,4.041445671
8.473649323,3.487816307
7.591346094,4.515150114
8.137767883,5.003825786
5.35256598,4.779187009
7.998090254,2.626546784
11.89807803,3.024968487
7.442536475,2.191138422
5.140800528,4.192257449
,4.626701023
6.947915534,3.685079273
9.622105987,3.975571849
5.361211666,1.81252894
4.909518983,3.785506644
6.376408434,5.404045773
3.94012546,3.478004808
6.916825973,4.598622246
9.146557556,3.210881939
10.26841472,5.199864588
8.787667941,3.489945595
7.36876853,3.813881276
9.352719753,3.398264165
9.393148442,4.665681059
7.296572875,4.679168643
8.900864697,4.51875067
8.107244313,4.688271256
7.804368874,4.075556975
4.666148131,4.556863752
10.90507641,3.720264379
4.739548767,2.942348225
9.869231935,4.736849577
,4.32920405
5.827541212,3.179128741
0.989912213,5.160603788
,3.900508521
9.485832873,3.221129819
6.435722717,4.925339107
6.365497241,5.125416576
,5.266367539
5.452214926,5.19053381
,5.076362464
5.433466239,2.871196031
7.374775414,3.592264728
,2.951395753
5.226941884,2.259550289
4.594209164,4.917909887
6.784133024,5.035822844
6.400256164,4.561493819
6.839415898,2.854526552
6.901863449,4.047907292
,5.260301115
7.888843574,3.630523985
5.527633483,4.59113705
6.492403122,4.383394692
6.684699737,4.030659831
,5.034682957
6.223677775,3.919575057
4.758648347,4.405508764
7.440825031,2.496342612
8.054885744,3.514097775
7.061830972,4.299018587
,5.00587853
7.611609817,2.87326121
4.691438315,2.730792274
8.064170137,3.246077223
4.292966858,2.804923583
7.865756954,3.738618343
9.085637102,2.544020276
6.592442508,3.060827354
7.032818726,3.633373289
8.990317234,4.494544339
8.561218924,2.813888599
6.739157692,5.214484016
,4.23825298
6.492627157,3.378778493
6.753128353,5.102516757
5.039373609,4.957419783
8.296344056,5.400810789
5.455599352,4.476348715
7.918183321,4.764193594
5.01804587,5.035153707
6.495435285,3.39047054
,4.456104061
8.783167624,4.274136884
,3.403269587
8.159666704,2.957194849
7.685396843,4.179187128
7.762020745,3.256301329
7.207931097,4.705561884
6.9870415,4.475161103
4.692196563,4.009006062
,3.183435323
4.059431468,4.330321564
8.389945659,3.569717312
10.69553249,4.154845328
6.791696907,2.817391374
9.953952112,4.052905069
,3.837256627
4.489783796,3.776225631
8.020869103,3.442121236
5.090035332,4.83886228
6.466874709,3.408168792
6.702496216,4.267952934
5.766204134,4.47201817
6.571099217,4.555949236
8.509220049,2.519891581
5.953981878,4.071916487
5.403196492,3.871463111
5.596929951,3.506764606
10.63290961,3.722454851
4.916819229,3.836703239
7.183095932,3.806539439
5.923441415,4.10736363
7.377036504,4.531658688
7.833495881,5.580829963
4.745764371,3.699146259
9.055825785,5.45691283
5.492155983,3.294129366
4.487517479,2.765722248
7.027185659,5.35304334
10.20064451,5.174719759
6.784279329,4.045547056
8.080415244,4.070824292
,4.167336457
7.344975869,3.418763195
5.923739955,3.884460371
8.285395275,5.438487907
5.949518764,4.072197622
,2.998335472
,2.934137001
5.296578804,3.918469801
10.28206797,4.572923004
7.016836113,4.101397991
6.871607245,4.180389312
,5.504749397
8.274069059,2.575423028
8.238878989,2.784712797
5.791154373,4.104834817
6.153368957,4.030337485
7.303051906,4.14486994
7.5926723,3.341426728
6.784116115,4.072186608
5.606856131,4.070966098
,3.817778953
4.922045466,2.291694536
5.700784947,3.978141279
,3.13400015
10.67805626,4.308256961
7.602121475,3.698874769
8.846281957,2.925037558
6.751698586,3.756006672
,3.619590635
,4.43921524
5.088213197,2.600618679
6.954907217,3.169714976
8.983811794,2.445673388
9.519659984,3.994556136
4.700392724,3.481943696
10.38613293,4.921340625
5.746529194,3.808372006
,4.699120987
,3.941073832
10.8112895,4.416183694
8.966835973,3.654354962
,2.27639196
6.848805453,3.130044763
8.861701557,3.579107242
4.252985001,3.58830042
6.729829904,4.724321913
5.924540482,4.224342509
6.783888468,3.250022229
7.390896679,4.325131645
6.470151959,3.125391112
6.93039147,3.699796036
9.302441188,3.675985498
7.421997644,3.603609581
6.583064856,3.772858553
6.204429354,4.106807505
9.066628054,4.055421251
4.713116701,3.923356036
10.58138599,2.966945651
7.574261237,3.686758983
6.138785152,4.677289618
5.276323544,3.883029041
6.776879088,3.322065007
7.239415921,4.531825295
6.552279123,3.443385019
8.408766231,2.372791477
7.986398706,4.814779191
7.366915284,3.051316563
6.062738419,4.369454697
7.8564711,4.534681098
5.15839641,4.645852435
,3.458320001
6.39908051,2.620538023
7.394255556,4.263192772
4.443850856,5.038118946
8.247148271,3.94196926
4.902158989,3.499048523
6.86313625,4.319777195
6.66953238,1.964863097
7.595669984,3.403393177
8.163076383,3.287243971
8.87027826,4.182740665
8.769676022,3.776718462
4.737391257,3.853388072
7.790874862,3.076214341
,3.241267187
6.0873061,3.666671803
7.651294226,3.258041647
4.771490669,3.936972573
,3.452821864
5.392057607,2.978925445
5.477283049,6.35743852
6.364155674,4.764412042
,4.863377535
8.347949483,4.217861431
6.615981652,4.635709127
8.312379503,2.98809301
6.836224939,3.666613686
6.385470898,4.681716653
6.490037175,2.430883294
,5.284233272
6.648849186,4.827527398
,4.217553378
9.323583858,3.006650222
4.581968728,4.500207625
7.884841993,4.631640754
6.168838539,4.435760073
7.230845307,5.622018081
,4.071343675
8.693104326,2.898223061
,3.231679693
4.797460182,4.038502789
9.319176393,4.129230416
7.581687577,4.457282487
5.348213659,3.31116811
5.487876363,4.223576482
,5.486132309
8.315959071,2.760212574
8.551077748,4.04637969
6.013160966,3.455622541
5.744067537,3.171655208
5.218989651,4.383942554
,3.358353455
7.458707683,2.938082397
11.02787986,4.178897909
6.72958019,4.003458052
4.1502143,3.502370872
7.159398311,3.254926497
,3.66264816
6.209697437,3.893766831
,4.126407533
9.608533594,3.042796944
5.375895979,4.17421964
8.69712216,4.180567593
7.748928548,3.136945007
7.117917746,4.213567957
8.31002902,4.775784922
5.524296531,4.033391218
10.20142576,3.964449588
5.368125754,2.004142586
8.937802408,2.831234426
8.124207826,4.724456578
7.184973119,3.665410662
5.499489286,5.846826958
,3.371680094
5.319769073,2.92573204
6.369111631,2.275903461
6.733493842,3.178003605
6.883015402,4.102291769
8.013516429,4.44490059
8.272055091,5.140207743
8.746985976,4.763730536
8.154840855,3.696327575
9.045720545,4.213700444
8.922409559,4.081728016
5.961301572,4.919585047
,3.651864699
8.184410006,4.5990822
7.636454091,3.332906497
7.775385593,3.309471716
7.617148871,2.391540006
6.664934584,4.502138214
,3.855772964
8.815357953,2.87588018
7.765635562,3.21444964
6.225152013,2.770822653
,4.157927298
8.56704382,2.804926824
6.994194675,4.398900709
3.344588533,2.575141031
,4.565423282
,4.344804944
7.774468469,3.891097334
,2.959749614
7.203438849,6.389161009
6.150487601,3.551655811
,3.959293615
6.767523658,3.300253498
8.037430327,2.506238127
8.177174974,3.325638986
6.744799075,4.86854263
7.603775446,3.584985024
8.546145555,3.505300168
5.432512085,3.874425315
7.71408936,3.182582857
8.154531511,2.460464867
,2.9770474
7.845879929,3.667154205
7.156424495,2.958414712
5.694694238,3.8706108
6.707685556,3.822668715
4.775221956,3.223080865
,4.387208418
,2.999702321
8.501711439,5.612295662
7.741245059,3.741143366
4.187490815,4.592959344
,4.604724796
7.808012212,4.165549906
5.895948983,3.659652968
7.269652253,3.789236757
,3.89891586
9.489600966,4.300694899
7.457979827,4.497730796
7.992320364,4.342796788
7.746343115,3.678686031
8.27579563,4.72133955
6.879959452,5.688206949
6.799375518,3.819985377
8.167767663,3.41068554
,3.261651399
4.736404607,4.995601766
5.95392389,3.968647163
6.578998162,3.690929417
8.775485734,4.393944466
6.850302032,3.08029671
8.757110512,3.80879301
,3.242545448
,4.005892992
8.073278952,4.854312786
5.078274175,3.631042314
7.444914015,2.571391506
9.434005875,4.201054364
5.905906954,2.917284056
5.803496976,2.181714167
7.617151922,3.422543431
9.008464334,3.911014707
5.422445768,2.91175139
9.778181813,4.143365319
5.204938763,3.439561019
4.872560878,3.918005799
7.793914804,4.220027671
,4.081328787
7.058182608,3.613834771
7.890354274,3.209588058
7.535700191,4.208354354
7.202534416,5.702504528
,4.398059123
8.722143777,3.274628642
8.352635176,3.939011353
6.284385791,5.030712169
,4.052367138
9.30566048,4.485070147
4.923178856,3.329600783
6.14301848,5.37040341
5.744504157,3.53350015
6.616649175,3.881767178
7.62349992,4.764995184
7.860106422,3.499774684
7.393110153,4.431739047
,4.641041336
5.579517093,4.043914693
4.303574607,2.010537157
7.310715696,3.57882634
6.417702476,4.046305672
,3.89406116
10.77431809,3.229834159
5.036453976,3.534665425
,4.318271773
10.41504401,4.209136505
8.41860665,3.44284782
7.808641136,2.472720325
7.55796363,3.292270153
11.24450714,2.929952739
5.728823779,4.41217355
10.48680842,3.804352132
3.792125732,4.620685586
5.716251354,3.433135385
,4.536122682
5.473603398,4.957822241
,5.113869706
6.770926884,4.91053382
6.043360084,4.745247517
,3.09381445
6.320427823,4.553380743
9.185417502,4.186674618
8.684778672,3.877349185
7.961721463,2.286943495
5.484151254,4.43885846
7.186931122,4.275645348
5.470802484,2.962852429
,3.843405196
9.792727769,3.729120402
3.637170625,5.446565703
7.064789081,4.401627835
6.632031569,3.38629429
5.913956688,5.648605949
9.484703254,4.132274238
8.447404488,5.21830711
7.727421141,4.60180209
6.859323726,4.501980015
5.846786697,3.371110881
6.300001767,3.709437181
6.646469922,4.387601742
7.313446756,2.220639923
6.572656389,2.820927249
6.002414612,4.315308015
,3.62463525
5.93605711,3.940282339
7.591089848,4.531196013
6.875746152,3.397302572
8.016279103,4.308222881
8.783596632,3.470885424
6.911698241,4.616641008
8.719240207,3.912836037
5.974583248,3.721974696
4.429378735,4.271167637
,3.840888762
,3.190127771
8.215123507,4.511384049
7.828740105,5.199446636
7.949964795,3.31715245
6.114332051,3.68040999
,4.516869764
7.139428273,3.771596492
,4.314495017
7.96852587,3.173879163
6.635894308,4.523236866
6.394548023,3.042496818
6.280978207,4.599432014
7.992026977,4.647095594
5.068795502,4.362085653
,3.499453074
8.151248962,2.799883321
7.582941677,4.164028619
5.34411687,4.104698561
7.871961403,2.938536287
5.327023534,4.855821251
10.55027327,3.951304463
,3.068919237
7.47102667,3.70797408
7.943882477,4.111691345
2.69083124,4.650033779
9.13569426,3.281802196
5.214009194,4.453525556
8.649534947,5.229809193
7.75667895,2.842470708
7.104295204,5.464856803
5.363362645,3.871372489
6.582499747,4.152014127
6.810466517,4.402339513
,2.372924722
5.574116595,5.152527698
8.555283423,3.687152068
4.483402761,2.203840524
3.783043638,4.402244146
7.138374317,4.144872251
,3.210168089
7.912361028,2.878515631
,4.217743745
9.128357758,3.762222689
5.271971378,4.119436475
6.465093529,3.790523693
8.245186596,4.125731794
,3.502081504
6.704791892,3.806596292
6.430254786,4.805791534
7.482791276,4.094746286
5.504452321,4.657360934
7.521920636,3.110932391
,4.559336642
8.522567733,3.358284405
5.694475546,4.107467119
6.93450359,3.875238037
6.115180039,3.69086186
8.575673022,3.506229064
5.689142988,4.592979951
,4.059377404
7.2261272,4.153558901
7.197795992,3.844013287
3.846814328,3.584201916
5.896339346,5.032854921
,3.572343822
8.326349854,4.395284863
6.891561655,3.561962572
5.548124947,4.599235865
,4.31606325
5.386637962,4.320900175
7.262534652,4.846359372
6.257085791,3.994713697
7.025504335,2.941555123
6.584839333,3.919954569
6.565633547,2.770948497
6.622102936,5.290920716
7.217392781,3.746619824
5.253907429,3.488372514
8.131375234,3.542810748
6.61977546,4.086920567
,3.293552631
6.217255307,2.08142502
5.019984767,4.089485428
6.907379615,1.496100943
6.313114732,4.126964596
,4.397533101
7.29392925,4.403250065
6.63036382,3.490587573
8.015780395,3.180580187
4.249890379,4.116347641
4.26526964,4.900446069
9.266840595,4.330049469
9.619456626,3.173199767
7.086877326,3.992848211
3.433874059,4.104938403
8.436759029,2.499910135
12.24692807,3.533243425
7.34303194,5.288057554
4.616438934,2.634341021
8.307462969,4.625729242
4.909640554,5.34532394
7.70910636,4.23510812
,3.206995483
7.818274839,3.329243166
8.207458913,4.151865853
6.958534137,4.1946
,4.297913886
4.349439999,4.442711502
6.629985036,2.534499478
8.96969739,3.983098818
6.77105029,3.244866832
6.724639342,2.921414772
,3.439623354
6.967270764,3.272470739
,3.232872116
7.053116739,5.67199885
7.755154227,2.728799592
8.580008559,3.195591056
6.901710203,3.035670597
7.814250247,4.104661963
5.918953546,4.265547139
7.021295306,3.675557956
,4.893750992
8.132736965,2.969433921
6.057068041,4.371747854
5.343075103,4.240031708
,5.444927204
5.742533063,4.272202758
6.584813111,4.404132196
8.070477127,3.055790475
6.652824348,3.661529274
5.506061504,2.778905951
,2.43250721
6.441766486,3.682134341
,4.894842463
8.248703054,3.540532004
2.569243562,5.506934432
5.664845758,3.570290456
8.999498939,3.695084055
5.588537191,4.37399858
6.265637344,3.266028669
6.922041828,4.242947216
8.072612403,5.082206247
8.828094375,3.793317686
8.647454007,3.624100659
7.475536902,4.015574262
11.53488049,3.000096239
6.453064803,3.440858802
8.192210156,3.489283078
7.247700982,3.319952678
7.893131973,3.302211725
6.164449536,3.446401194
7.9373922,4.27085115
8.281120655,3.687995064
4.906491593,3.152344905
8.143483376,2.572830423
5.117913529,3.806700492
6.449070009,3.331549948
5.613562647,3.465088676
5.754212968,5.920233915
6.906574998,3.282749503
6.336267097,3.745724886
8.121253676,4.428311683
,2.909606162
8.935115926,5.168297808
6.45278075,3.425065096
8.458814662,3.507708536
6.930082548,4.14941371
6.255070001,4.194199874
5.669818774,5.600458571
7.945407487,5.428916724
7.499844232,4.454476673
4.695516141,4.641738491
6.710633528,3.863286909
9.502856746,4.237345252
4.405327147,4.086867245
6.810344849,4.115695844
6.983133113,4.426982544
6.968131313,3.030823583
5.76255225,2.906589212
8.397248096,2.835794284
8.828326658,3.052822148
9.395842202,3.530498325
7.593176933,3.542092644
5.149133288,4.839176158
4.916740541,3.613212412
,4.174568876
7.371289877,4.084696775
8.278752741,4.767722384
10.20297155,3.270903753
4.562156483,4.822883764
,3.893925991
5.202672013,3.927980576
9.149733927,5.436819304
7.615556979,4.243133734
7.813067625,4.713719499
7.721032688,4.168487102
9.056244707,3.319353737
8.082657125,5.247130149
5.84866707,4.874534246
8.470545999,2.935801995
9.22858163,3.8391854
8.170588045,3.995857049
6.381977105,4.99189599
6.98981377,4.808582691
10.3781082,3.57744746
,3.5681966
3.590822364,4.144780873
7.388518503,4.409053528
6.966835168,2.957441071
6.703486854,4.223883711
7.139671256,3.151388595
6.64879301,5.138047828
,4.17007559
7.940713224,2.990150891
8.228563825,2.781944108
8.665692083,3.494032184
5.06404246,5.122702569
7.894322783,2.865031443
7.042793877,3.965647067
8.305063984,4.461210732
8.268307592,4.405408198
,4.133069339
7.397562418,2.459336841
6.36729853,2.61476606
8.410625565,4.352295779
7.098245544,4.909571475
7.32250205,2.981649192
5.198224971,3.807318103
,3.236570043
,4.754313124
6.280905113,3.021288909
6.823930137,4.016144076
6.629993518,3.155213653
10.30157127,3.857851975
6.123193935,5.457830951
,4.149483265
6.848033469,4.257037543
,3.144789726
6.411525836,2.200678202
5.122648455,3.504524534
3.43485576,5.389510246
10.84813042,3.133838702
8.725393412,4.565542154
10.35174253,5.227609397
8.174028131,3.986780704
8.034011917,2.452120806
8.205541815,3.634030668
7.893818459,3.508503713
,3.266562403
5.488135469,3.652991422
8.163074031,4.128193137
6.867000691,3.484120574
5.821706914,3.908198846
7.451888779,3.930080761
6.898315041,3.822307139
7.544340114,4.435514109
4.103867855,3.808850694
5.329938815,5.79932235
6.962993545,4.760381755
6.846059942,4.709374128
6.279842183,3.27858441
6.739849728,4.379630439
5.495035446,4.115428052
7.583770299,3.642289214
5.866702734,5.302972731
6.394980461,4.732002727
5.82126163,4.371078785
5.514062185,4.460362938
6.730883602,4.359137364
5.198067643,3.295033859
,4.654177335
7.362331187,3.93356497
7.06614184,4.127599073
5.420347747,3.75672017
7.015332583,5.251223104
,4.138696567
6.044671753,4.914883756
6.198650336,3.574172022
7.678945067,3.089549648
8.062066123,3.040031498
7.255798597,3.968177083
,3.430167323
6.792407469,2.505650441
7.368165577,3.684263383
8.837786915,2.087080217
7.108140711,4.015246444
5.289618437,4.54810035
7.169251038,4.533174155
7.695049437,3.198879005
8.693149901,4.687846798
,3.077034893
6.999764511,3.360130678
6.897922717,4.490105279
6.382314604,2.881370055
9.917092057,3.39332538
5.609025354,3.354890148
6.277463093,3.123166159
,3.796737486
7.714312672,4.42513397
6.351286549,3.707053968
7.958871446,4.007902613
6.618186567,3.797067861
6.000723336,4.176218743
6.39292784,3.271338859
6.977267852,2.367041309
6.353436844,3.861109202
6.019939995,2.747027112
7.330196877,2.884715098
9.241338767,3.842577604
6.593174457,3.931653171
6.948265449,4.095611813
,3.364890882
,3.589251634
5.938321179,3.88950004
8.249550509,4.284831119
6.903816978,3.867843303
7.605674821,5.554074526
6.589290501,3.181112063
7.511816641,2.285519929
7.301444654,3.16007484
6.788291583,4.255948317
,3.714469253
,3.356977982
6.692531669,2.942115367
6.028101118,4.080786271
6.715940564,2.404729206
7.490786676,4.354535491
,4.322325337
6.336588682,4.356593856
7.381757557,3.338021759
7.256015039,4.534960273
7.025821771,4.746091949
7.606880475,4.564460392
6.983860439,4.159566509
6.347020018,4.526350939
7.322828417,3.981968832
6.777506359,4.263180268
8.370364965,2.746649834
6.642755695,4.299209281
6.217584914,4.15016691
6.630122156,3.352764606
8.051022203,3.767443126
8.416086817,4.93008381
,3.743703735
7.933067692,4.534233043
7.917608595,3.784085381
8.942045991,4.354287641
7.033945359,3.931730863
,4.108856703
7.580048808,3.959636524
8.473249064,4.81018543
6.816416925,4.274738214
6.460033522,3.535597779
6.227826795,4.007347485
,4.400203469
,3.612918763
5.632731647,5.114607051
6.191241443,3.315070593
7.701032797,3.395482609
,3.498716819
8.832641116,3.452149736
5.646083312,3.938505627
7.332103963,3.901096866
7.896743922,4.889458166
5.675294715,5.021464632
6.010617577,4.867287404
7.986018499,3.153004728
,4.304051632
7.159613912,4.943842601
7.565198073,5.185000024
6.865568515,4.916218246
5.736675709,2.741791308
6.129069622,3.83763909
5.991371082,4.53937115
9.723377231,4.072063353
7.736312841,3.700916676
6.715799479,4.999752023
7.966762553,4.816347767
8.242558635,3.529427237
6.539546128,4.076403287
6.78538406,4.677920641
7.007974587,4.628974864
7.740383939,3.01336084
7.918087079,4.64004301
5.772769698,4.154685424
7.571684493,3.920287688
8.73352533,3.1492018
6.917858355,5.544167317
8.512780909,4.026622094
6.539115261,4.211671959
,5.53747584
8.22708313,3.619181848
7.274198051,3.152762794
7.118980168,5.349210586
,3.574605162
5.941942536,4.302179285
7.278910903,4.201577247
7.445189026,2.745803765
6.442496436,2.891018879
,4.989876168
6.919726155,4.12082788
6.47237105,4.134575197
8.25121778,3.495062986
,4.600663396
6.707108206,2.640246413
7.24019447,3.362821763
6.528490775,4.585971676
7.031839174,2.725564949
7.494391101,3.579651838
6.957433638,4.89205044
,3.327384429
6.962324595,4.526768327
6.509621638,3.802819638
8.069297893,3.021381555
7.213375388,3.453438876
6.790838199,3.438279839
6.975209178,5.25648355
7.422225264,4.486512693
6.505065807,2.890998522
6.617862257,4.601351198
6.769769339,3.846611901
6.341751224,4.01901055
7.058866081,3.937334184
7.539287395,5.427372665
,4.64569167
7.490807654,3.716367555
6.037428194,3.594217364
,3.392134168
6.706695161,4.371882445
,4.709676028
,4.116263245
6.758851697,3.639971876
7.48678088,2.748428797
6.904121373,4.141819203
,2.846501199
7.348937142,4.725746456
7.846057926,2.487968647
,3.113764306
6.1798098,3.70432422
6.755669308,3.959517637
,4.312289708
7.266598792,4.952733208
8.218171066,4.246446172
6.980061939,3.969463254
6.381978996,3.299047219
6.64800546,3.829783554
5.899936567,3.858978815
7.260904363,4.383823385
5.575920648,4.294447559
5.467401255,3.717822718
6.090016057,2.943521712
8.205447053,3.73992167
7.670505864,3.93382646
6.791097166,3.084039762
6.006769481,4.034754809
,4.905229739
6.336342762,3.78880332
7.473235377,3.87771425
,4.246388024
7.380104835,5.030452202
10.067633,3.776788997
5.9159443,2.585849315
,2.643212412
6.124847329,4.211967654
,3.30241929
7.876495131,3.913904717
6.021051323,4.661057552
,3.818403943
,3.434798595
6.58545023,4.275640248
6.342671183,4.582591795
6.632990254,4.36085117
5.400700138,3.555737566
7.460147818,2.413628852
6.709822001,1.687624505
8.054893322,3.52438043
5.365192408,3.180798457
6.920388988,3.277601364
7.025456548,2.927051442
7.974248428,3.195944251
8.03105522,3.338880126
7.614056817,3.437946395
7.643578362,3.76216286
7.731315009,5.164284275
6.268402756,3.38970529
7.369911642,3.821721167
,4.142386059
6.320375285,2.728617352
7.290088572,4.700618336
6.356511062,3.415525525
7.974065001,4.069086698
4.943508444,5.070841577
7.700362305,3.786486994
6.05460718,4.88916336
4.22142068,4.278712401
8.545890346,5.036882987
7.752176213,4.72550711
5.588129751,3.165618482
8.649868625,3.08168124
7.899256515,4.44817057
5.952267969,4.769768271
8.040187557,3.221138969
4.313219151,3.923590202
6.707016928,3.165632391
5.853560601,3.756873895
8.817402774,3.864098419
,2.812503635
,3.481517395
7.47640846,3.47819378
7.691486298,4.042497483
7.367371853,3.817215105
8.927905926,5.474354698
5.62122732,3.440753325
6.450644925,5.241539196
7.566517125,3.275142037
6.115637546,3.723625473
7.595228724,3.497604114
,3.25627469
7.131221859,4.713192605
7.399724708,3.79512408
7.002479941,3.352436318
5.345345371,2.362886022
6.185951163,5.2057243
6.070090952,4.699457411
7.095569331,4.861276292
,3.092816759
3.928556492,5.060835979
6.352973105,4.15549464
5.999125178,5.046973116
8.899588378,3.92861371
7.37533762,5.127394949
8.979322853,4.264944046
8.532377474,2.380088049
7.213537481,3.497480961
,4.583109838
8.895574458,4.754234802
6.582764204,3.668879697
,4.377502097
,3.287617332
5.986593892,5.051493874
6.841221063,5.092364652
,3.825770075
7.146117225,4.775201718
,3.943290757
7.507575296,3.703001047
7.997175823,4.817668211
5.174345998,3.689144992
,4.018446539
6.479092567,3.089597302
7.811512445,4.54607021
7.437216653,3.866874573
7.953878115,2.86022397
6.396569931,4.188249712
,3.594444416
8.058135997,3.13060894
,2.028875173
,4.875382905
9.497261163,5.24210533
7.984710742,4.567879972
6.26111058,4.753018575
6.957802749,4.587745469
9.663159015,5.270217774
6.732713713,3.885405037
4.886057057,3.079373114
9.610220345,4.961971972
8.518531795,4.147168618
6.950786515,3.997975215
6.023022741,3.668088579
9.011480407,4.270801389
7.946767904,3.038483125
7.709617351,4.140423757
6.081615358,4.010036799
8.146185794,5.177963625
8.141861116,4.136950486
7.703356821,4.732125346
,3.771305113
9.252856509,3.300585826
6.047651489,2.589867903
6.152857802,4.403083394
9.074922874,3.84047901
7.436537227,4.497629168
,3.458352214
7.130099196,1.986191593
6.79212545,4.042637641
,3.864931035
8.885626344,2.993300944
9.47531626,4.701538331
,4.691017503
7.183108734,4.006424839
6.157443145,4.770154312
6.467868302,2.861063943
,4.301273481
7.488133464,3.474034717
7.32354512,4.898421041
,3.067033981
6.530796124,3.181634909
6.931470427,4.249333174
7.774645243,3.911816766
8.107500139,4.647800627
6.306864459,4.619172769
,4.069165567
6.609680322,3.589146441
6.632205879,3.44374056
,4.287440678
5.716755667,4.080674996
7.74045387,3.54131667
6.277277371,3.619321182
8.006373298,2.396505358
6.513016586,3.729960916
6.234197672,3.885492316
7.277143967,4.931353522
6.04451303,5.127778325
6.643026538,3.709988662
5.15045654,4.147028947
6.110545161,6.06455925
7.831117737,3.807997464
6.980727164,5.437618577
8.552782416,2.940847996
6.449379439,3.71542875
7.392084038,3.778458496
8.360795827,3.715951409
7.619845077,3.779648433
5.404510674,3.998175886
7.079303518,5.553173841
,4.296188763
7.161714893,3.909973568
6.854946859,4.938999307
7.309556407,3.707413724
9.313465893,4.493612765
,4.50102454
,3.36517444
6.187938054,3.546183202
,3.802426744
7.965337305,3.390982111
9.264390909,3.175520774
7.754044354,3.760298085
9.393891652,3.048565866
8.176079615,4.112322458
8.337696201,3.454197457
,2.813526756
7.191024857,4.270645693
8.613698595,3.949220099
7.793039171,3.389270098
3.878879389,4.927711075
,3.723776038
3.978284627,3.751565769
5.96406536,4.696720853
7.53205858,3.808569923
7.233538435,3.679015068
,3.153800219
,4.21251085
7.480728114,3.714874787
4.477091714,4.32768029
,2.739234987
,4.476991215
6.31407747,4.363865763
,4.241935683
8.822610384,4.415596156
6.922652371,2.877354267
,3.611330374
6.904536858,5.058905448
6.548017642,5.930227577
6.581082756,3.511369718
7.864649673,3.585933522
6.136907177,4.704585018
6.94702854,2.600187733
6.203322508,3.487920051
,3.212492693
8.373170925,2.786329667
,5.026270726
5.921247069,3.74677556
8.829806178,4.423886042
,5.324638005
6.832217388,3.145415511
9.281302611,4.069976589
7.456250785,4.279697428
7.088250976,3.230645436
5.648628538,5.370004183
4.293961235,5.105120757
9.678050854,3.029700335
8.662709501,5.120102528
5.897391121,2.961602418
9.494242648,3.18902554
,4.181264106
7.080193059,1.492206615
7.55985231,4.550501006
7.040394956,3.931916553
8.053043682,3.301574895
7.044375319,4.276699074
6.309891576,3.603040462
6.203572848,4.305549362
6.879404957,4.70047023
7.754884394,5.128390055
7.916669699,4.275192719
6.405392482,4.531920781
7.795957801,4.25187617
6.963979351,4.489870473
6.967861397,4.893215273
6.622791356,5.60929081
7.369988621,3.463852437
,3.373936508
6.944868387,4.241135181
5.284810115,3.990242632
6.851442603,4.935556543
7.760189365,4.590527649
7.280560357,2.919796005
6.83425989,2.658843412
6.728975148,4.593787133
8.016418375,5.320015455
6.864916739,4.493746769
5.80897552,3.599933102
8.458796988,3.827431411
6.987335279,3.870292782
7.288736661,3.531384661
8.116350275,2.526016236
7.463915951,5.075843604
7.512361216,3.515802547
6.415108472,6.073006014
7.059940234,2.949938823
,1.659799385
7.425102223,2.558772744
6.742622398,4.96467264
7.682923445,3.542731087
7.041665417,3.099746163
7.185276449,2.959153823
6.597292363,4.318305407
6.908853083,4.693949416
,3.573741106
,3.603089689
6.281903929,4.457729915
7.036752104,3.285371835
7.362912867,3.249439878
7.369087139,2.715186685
7.708109989,4.896625908
6.50411278,5.396623142
8.185923417,3.566945145
6.149185174,4.275614874
7.080445821,2.664946055
6.628427347,3.405278618
4.704698462,4.109924712
7.976900874,4.753607931
6.809644515,3.183803572
,4.032267339
6.967696683,4.819637104
6.44455517,3.551905359
6.277742483,5.255011943
,2.505464027
9.014356734,4.549419413
7.78166376,4.822967485
6.084360116,4.29811092
7.15473588,4.629955736
6.74881155,3.312512766
8.128270069,4.678742166
,3.978495494
6.335683142,4.57886119
5.940475876,3.997969671
7.614877639,2.990780894
6.718249445,4.488904316
6.866356515,4.346153563
,2.601517589
7.553844615,4.37456385
7.366671989,3.394450273
6.567759613,3.824428039
6.333640046,3.982002335
5.892413186,3.311813193
7.91803917,3.386109813
6.549124998,4.421058844
6.804796145,4.847312562
,4.704273495
7.17617087,4.742966749
7.085095883,3.932839293
7.201702375,3.883250198
7.776044113,5.425945934
,4.258488737
7.046548537,2.869226102
,4.480574391
7.732880078,3.510728004
6.266799948,3.652844726
6.630251709,5.181202492
6.775631133,3.017544306
,4.32378488
8.164992426,4.16249551
7.773758137,4.040974482
7.295141332,5.056104024
,3.842113986
7.657541728,4.792527452
7.664793523,5.481690934
,3.619545637
7.800421289,3.345910382
7.264069097,3.960282114
7.544305636,3.714096435
7.749773784,4.317186298
7.442023084,2.894651172
6.559252621,4.216315016
7.035036795,4.557028866
7.880685943,3.579983811
7.498372459,4.242241799
,3.756100423
6.538207173,3.426266449
6.373288071,4.538108781
5.756475689,4.002081517
6.918062438,3.566298462
8.81350466,4.242459863
7.361599832,3.751588622
9.175586153,2.959684621
,3.952594441
6.550877193,4.824825939
6.510855611,4.225608376
7.347030356,4.2978807
8.11195317,4.430750456
,3.825936697
5.985012451,3.764099674
,4.219225569
,4.514174613
6.433722353,3.641489972
6.770095146,5.203461367
7.927969553,4.847262262
7.338826111,4.017061119
7.078361074,3.263464731
6.751668627,3.735173416
7.744125219,3.612260192
7.560392023,4.257805108
7.830607591,3.551568013
6.746934968,3.485535976
6.542281787,3.794055433
8.549692514,3.039018779
7.499844502,4.663869576
5.763772807,3.253200107
7.276863125,6.083772354
7.493290816,3.74874691
6.11602398,3.984308829
5.226895232,5.13805579
,3.227940799
6.420640206,3.139940274
7.669012537,4.589512953
7.128062255,4.510595264
,3.895572062
6.615350135,4.453443265
6.504876222,3.748443401
7.459124173,3.544751521
,4.804828567
7.096047101,4.785637378
6.989442177,3.85304755
,5.493180964
8.297725878,4.166105474
3.84645395,3.143430669
,3.669056836
9.380007092,4.566253696
8.998375023,4.516932985
5.690387424,2.988621031
7.301563449,2.774960949
7.031684051,4.422182857
4.348674993,4.360950051
5.29419539,3.522454093
7.257930995,4.266922561
9.250491639,3.996339179
9.680474778,2.79584013
,3.017984971
6.741245821,3.500970574
6.81170227,3.275008408
6.966942962,4.356931133
7.446089059,2.948657439
6.210647606,3.21212398
7.341547112,4.025643696
7.051396426,3.172091114
6.64261391,3.807720799
10.14629048,4.481552363
14,3.170993874
8.4695373,4.149553298
6.043212071,4.196726496
5.84111884,4.237560418
8.114665426,2.65459449
5.585116998,4.148342955
5.903993501,3.820021216
10.28412608,2.844632741
9.57822672,3.419238762
7.094830834,3.628459629
,2.51676912
9.687260028,3.085835467
6.52744059,3.567180517
,2.373437694
7.744772552,5.016321199
8.28922427,4.291001305
7.249257333,4.361486286
7.744098531,5.104188246
,3.986882335
6.890274539,4.100696951
6.047380857,2.216729691
11.56876797,3.761288428
10.16483856,2.937686205
8.722311224,3.009289196
3.717703935,3.780258731
4.894278074,3.594990864
6.071183422,5.036334154
9.032563451,3.626135878
9.913703797,5.55466674
,3.428095926
4.229224559,3.73313957
9.135451944,3.643686803
3.906567514,3.204795726
7.384048888,5.337987102
,3.91360184
8.524296363,4.343059524
5.706130889,4.32639437
3.71517136,2.35333814
6.519847784,3.272286086
7.910640914,3.88660269
6.587464617,4.096841156
4.30002934,4.586448405
8.575939174,4.00212866
8.884934503,4.714163453
10.5047602,4.681366362
,1.984614867
6.946717558,4.93498603
8.107091815,2.769164071
4.908899724,4.196429497
5.098967068,4.333667365
6.093091914,4.523557774
10.03393346,2.901535467
8.978997745,4.656316782
5.514747799,2.798158402
,3.808912954
6.731278124,4.190484029
7.191962029,4.102719041
,4.938389194
7.12771121,3.396184931
5.632040992,3.511984837
,4.4110576
7.95502634,3.955916726
7.775049501,4.699482756
5.168340328,3.841162625
7.66752086,4.618164705
7.272362197,3.99658137
3.691932693,3.846606955
,4.688955207
7.692523534,4.522431964
8.157518083,4.469430538
7.187765846,3.78412078
5.689554344,3.732170265
8.758824521,3.527565359
9.814247469,4.317531287
9.969273221,3.643379015
,2.757856838
9.14912671,4.805641211
,3.582882369
5.840811554,5.049463526
,3.772078073
4.98167205,4.47514849
5.423318496,5.224654834
4.838571107,4.580371969
7.904053371,3.137280422
6.744064261,3.534125963
8.66397482,3.689241361
4.161111968,4.168242189
8.515977267,2.165681681
9.99980746,2.659977662
7.038092306,4.237697607
2.803563057,3.489938597
5.972599968,5.164944785
8.180755326,3.845422805
7.010243376,3.279006327
8.179890443,4.295737731
,3.215740139
6.865125275,3.95515371
7.950816584,4.543685406
,3.305587798
9.581188523,3.929177544
7.274756855,4.271580716
,2.816074739
8.026773256,3.735983476
7.879543234,4.066229364
6.44897109,3.759326201
5.189413669,4.876273
6.538084087,5.143750122
5.91580675,4.513200539
8.136497869,4.20418585
,4.586748359
6.493764175,4.910911021
,4.894829651
6.977405633,5.327584532
5.489248055,3.987012091
2.558102799,2.817258117
7.312109304,5.123871935
8.55409697,3.56360986
6.704431913,3.395331743
,4.515322334
8.028304242,3.91599081
,2.962432971
8.616824426,4.584565663
9.46712903,3.164187994
6.793698635,4.822958046
,3.85115424
,4.123239479
5.486058602,4.557707495
5.05074838,3.930290663
6.246117565,4.755158013
8.142330913,4.70486593
6.852899085,4.594760614
8.801933555,3.769831936
,3.279888338
8.383761691,3.585736635
6.47613984,4.041580247
9.894562129,4.61753288
4.808039747,3.597759969
10.5779305,3.051607724
6.30497166,4.221305734
7.822491883,3.835332168
7.989376234,3.648743737
9.671796765,3.895103866
5.941265556,2.227370875
5.574755848,4.371806161
7.610509211,4.692217919
7.102446618,3.065508372
5.152739799,3.842625171
7.301463638,3.942709369
6.104925814,4.131932587
6.001382441,4.036719762
,3.830883637
7.885678999,5.430349994
,2.857687205
7.679090583,3.186823455
,4.169924018
10.39194239,5.77171476
6.714862378,4.593763682
7.349653377,3.861684092
,3.713109664
7.345138417,4.297994791
10.14708958,2.799440618
6.380717315,4.532019663
7.940646964,5.4318367
,3.906526285
7.78673469,1.96147543
6.323040314,4.749424236
,3.794033112
6.645657378,4.170657763
6.014539831,2.686068741
10.08677124,4.334122046
5.16622597,4.608319394
5.573201157,3.599624661
9.494558726,3.631107122
9.036504348,5.661984463
4.400509039,4.010809123
6.975392341,4.931460168
6.68774978,5.559984937
6.867521704,4.837268004
6.155249161,3.803908514
8.3032638,3.892667002
8.641634075,3.416625245
,2.99425921
7.348611231,3.544537268
7.573905933,4.410729144
7.855906368,4.15188983
,4.013477062
3.798391049,4.833507857
,3.514096506
11.23542596,5.147055276
6.396341051,4.44590718
,4.006631571
5.228506322,3.188805473
6.512239645,5.425794714
7.83431924,3.532936096
7.388292039,3.846830261
6.020653841,5.217131275
8.388322494,3.854771516
8.384296439,3.460998376
7.393977957,3.782727581
,4.494459702
8.384623152,3.682780338
7.094802143,4.084660033
6.565319432,2.233894046
6.38171958,4.657694982
7.539742095,4.21067784
10.62882091,5.140449467
9.228484209,4.829753514
10.52460198,4.340986728
,4.79540722
6.021265943,4.028042401
,3.778302162
5.973951249,4.208923205
6.217579612,3.490002014
,3.524413842
9.130607244,5.288486793
,3.978746922
6.095511875,4.302015723
6.195254905,3.138971387
5.814564234,4.131911908
6.756659807,4.184873593
,3.550311143
6.36997353,3.427066374
6.601407395,3.973576406
5.651933841,3.872027137
7.606066882,4.58147746
2.97442941,2.779901842
,2.619420879
,4.431829144
8.111101031,3.663774941
7.116132606,3.915381678
5.280292296,3.835305908
,3.346057063
9.808258179,4.48126124
,4.492387447
8.018831607,3.188477334
6.603640717,3.403798435
6.450805743,3.275581182
6.26637841,2.936610535
,4.904366576
5.161878763,4.320100541
6.98440553,3.406210458
6.791992649,2.91405748
8.30922771,3.756396831
5.057736411,3.163935937
6.908272154,5.405567223
7.243409879,4.466935915
6.164480227,4.834023096
9.16099754,3.542527793
5.277875568,3.632607032
3.975752658,3.666823799
5.685216463,4.066156997
6.93365391,2.010728686
7.464485186,3.880576017
6.071838864,2.691610395
7.136102613,2.574191772
,5.036017097
6.328553081,3.265854137
6.150595718,4.847520234
,4.067414044
5.508155526,4.571406411
4.761105185,4.581395078
10.49074403,2.887022939
6.676137319,4.336648485
7.973307535,2.826111941
7.352146038,5.864497891
6.990800831,4.332639872
5.468360932,4.933467949
7.835906989,3.183864093
2.538115773,2.840097214
8.423084472,3.958608984
7.617014109,3.800552599
7.617033494,4.299543396
5.429334842,3.08173592
,4.582157298
5.495975999,4.901038222
5.092757239,4.636728696
6.252810211,2.921797389
6.747415283,3.377450524
6.640862809,4.708268602
,5.437429061
7.300990131,4.59634734
5.498514693,3.074815428
5.652501287,4.856444192
6.164927293,4.169660978
7.851925692,5.204044178
7.22168944,3.160818481
6.578083891,4.890415759
7.859489939,4.498069166
6.073684981,5.249069811
,3.850134889
6.407963336,2.954092652
8.64664295,3.333242682
7.184697763,3.904063423
6.93208503,4.433285888
6.174750579,2.566048788
9.54025224,3.329503899
6.888842932,4.512332449
8.174186267,4.709402885
8.756926859,2.945671727
4.740056688,5.467935706
8.764495619,5.790838006
7.899451562,2.853767349
7.40265315,6.226580405
5.800034177,4.074407572
7.089184187,3.266028512
7.852206664,3.532437619
4.9456947,3.78251746
9.77693205,2.569468001
5.15348864,3.749920565
6.884981084,4.58431918
7.608750191,4.627464223
,2.29041112
4.901906856,4.103534274
5.711212506,3.953334967
7.476689512,4.195539286
7.033495055,3.678957092
,5.294159073
,5.149542443
8.655298873,4.588758378
,3.168031026
8.304334653,4.181254134
7.717076952,4.967975792
7.555822759,4.099168691
4.881729594,3.050197585
8.311271181,4.462045738
3.800431282,4.473976075
4.08359488,2.974870903
,4.575874148
4.865069696,3.974972302
9.624726886,2.615257476
5.188776875,3.769503907
7.842979001,5.109312362
5.916930488,3.15755952
5.72968912,5.100552354
5.678220967,5.42978174
7.38658182,3.791372588
7.519227463,3.275724959
7.446225785,5.086698562
7.753936118,4.833026694
9.159660477,5.452362325
7.496990927,3.837926004
7.542300167,4.317553512
7.15905299,4.291668967
,3.516237805
5.844673796,4.338056088
,3.384648505
5.258414737,3.730792788
7.420640789,5.42376733
7.074251444,4.878944116
8.189213851,3.709508878
7.744130994,5.207683455
8.289857906,4.289236735
8.025220021,4.134942729
8.848927372,5.992325027
6.438421804,3.380360394
,4.45939398
8.205550719,5.12952782
8.310373672,3.493053886
,3.980920352
7.833970824,4.814916877
8.142660401,4.617093489
5.896432475,4.280792929
,3.490172614
4.3107015,3.172375491
7.895769121,4.391731338
6.862995092,5.343285034
6.30476863,5.109934758
6.578680569,4.292042179
8.96724411,3.742255944
,2.848370818
7.423088086,3.712681965
9.166758133,5.429266409
8.468694415,4.375598892
6.48615266,3.246794305
4.439095783,3.844230761
7.79278353,4.047380786
7.205218264,3.465331089
6.569053876,4.204699129
,4.164772624
4.29168773,4.616088554
,4.403876807
4.921093903,3.285186851
6.727185265,4.158248535
5.757088957,3.730185467
5.842359064,3.865295967
8.848103019,3.074799306
5.866250668,4.281313459
6.020995363,4.806016625
7.529929503,4.585321994
6.649705311,3.085178509
5.097786226,4.829323364
6.483994508,2.688643285
,3.399945492
5.669699209,1.910116645
8.127710424,4.244173211
9.106916915,4.186726399
7.575757884,3.176432526
8.246369054,4.43325661
2.945469061,5.06998277
4.964070342,4.761700804
4.99139689,3.92659873
5.04562573,3.331786641
,3.469561086
11.06945629,4.880512381
5.775330889,5.164259921
9.012100313,4.962329207
4.031610444,4.037939155
7.882123947,5.364172169
8.759488715,2.88957811
6.653649515,4.871406193
,4.963535103
4.473882085,4.893656691
9.349469962,3.778022672
6.862936026,3.806093256
8.261405952,2.80042812
8.860324242,2.47667442
7.49651068,3.363403258
10.16417334,3.530940955
,4.086175637
6.039823242,3.923766075
,3.240419097
6.057904774,4.269753245
8.005016372,5.288776597
,2.676593519
7.038347517,4.575578405
,4.478070477
8.237091874,3.686074473
6.574083864,4.977323508
7.33810761,3.736379595
4.851103882,3.644106894
6.917920216,2.691485135
6.709336439,4.074387228
6.894050879,4.568843223
9.864727092,3.701895298
,4.903914479
8.039696863,3.826063248
9.824706476,3.226035359
10.88730499,4.0041613
9.831401691,3.311808138
6.528479453,4.063276428
4.09141145,5.95232482
,3.500848662
,3.165390901
,4.323989598
6.175164949,3.341369291
8.736126384,3.368532611
8.240945815,4.666295331
9.152284709,3.7927771
,3.813435553
6.317576554,3.399047914
5.692124157,4.682390726
,4.115320543
,4.536181266
7.191493719,4.320683961
7.381108534,4.34273753
6.17251737,4.129984995
9.076317994,3.436985824
8.85411954,3.461350424
6.768060049,4.145806702
,3.109695768
8.543216837,2.847875248
9.564853066,3.182805359
5.49978773,3.668220483
5.195920669,5.375901894
7.283913577,3.571862512
5.872439859,3.741067233
5.735723555,4.732953571
6.158424006,5.080497555
7.294364433,3.336582332
7.054266774,4.780615832
,3.151767824
3.148712285,3.465637836
5.665266377,4.571823611
8.310938776,4.408559684
7.096098311,4.569760036
7.957113516,3.729873301
7.400238581,4.880119768
9.734619708,3.506502994
8.037761108,3.572519002
,6.099631873
5.681810748,5.375156609
8.394509585,3.712472834
8.528292138,4.596923506
6.238053654,3.848306967
5.870615501,3.728785237
6.433726195,3.117918258
6.069363894,4.914809132
6.660461917,3.673135983
7.506111457,4.744006691
5.895145558,5.075214288
6.449236657,4.065148002
8.550525459,4.591997454
7.12263744,3.750446965
8.558663124,2.590635463
4.624304291,3.424250049
,4.117287902
6.091382724,5.075519616
9.658661976,4.639386555
8.115624507,4.40881194
,4.454641301
6.914868152,2.988611444
7.337924402,3.935513837
7.766114454,4.399902313
8.433974836,3.167712353
6.891549222,4.958936841
5.946160789,4.903632079
6.363836378,4.038983502
5.331799285,4.734873907
,4.799012921
8.466013448,3.94662054
7.426274011,4.363335813
11.21913474,5.749585831
5.708517435,3.344284854
6.559627885,3.664463031
5.606315226,3.748740507
,3.887361927
,3.666869694
,3.440299615
7.539337776,5.114128668
8.849702725,2.987671524
7.682762474,5.044306092
,4.725347455
6.448191032,3.932210321
10.19941269,4.384868014
7.76618666,3.674225442
,4.12930091
9.756577628,3.749009258
,3.860806603
6.406797813,4.573968265
,4.697040686
8.445219159,4.400705862
4.137044913,4.327356027
7.675913621,5.040460815
,3.558444802
5.70110097,5.956753498
6.376576427,4.161585515
5.517737316,4.523106008
3.854617678,4.290435046
7.558076302,4.169005267
7.387433763,3.830577272
7.763415107,4.113536187
,4.25222038
7.509350205,4.321856147
,4.659394534
5.057270546,4.432270873
5.830542049,5.19211665
5.859690474,2.747332827
8.891674051,4.522599229
10.15421907,3.730899269
,3.581036881
7.683156515,4.781323094
7.455541163,2.930364596
,2.994780122
4.81183249,2.860992949
5.720136479,3.513255496
9.961503137,5.215590495
3.230973106,3.281920559
10.18843265,4.635243483
6.262907282,4.594919156
7.399811394,3.803723818
9.271668544,3.744203632
4.704183667,4.1389944
8.65479265,5.148137888
8.018771949,4.356279098
8.189363356,3.688298056
9.341091803,4.5987865
,4.122850191
4.89196004,3.904269955
6.056817845,3.358060807
5.655117422,4.401152242
7.890263353,4.636738763
11.90773983,4.256415421
8.811472248,5.587395988
4.12658131,3.504750791
5.735358659,4.085054788
8.000775801,4.519209518
8.77504747,3.830698864
8.303831038,3.392656701
5.082241432,5.056378662
5.813546488,3.721425933
3.422394164,3.676245975
5.913374864,2.499831969
6.78302374,4.77880815
6.836059947,4.952508247
4.884388229,3.616700535
8.331553235,2.69238888
7.819659154,2.402337211
5.428356914,2.847843538
4.556656719,4.392257325
7.333003447,2.642003806
7.114386719,3.762682466
6.376950464,4.284387096
9.338235018,1.872572601
,5.54132228
8.93387761,4.374796522
10.60058999,5.477700314
6.838816707,4.776536255
5.600876517,4.362033669
6.102533306,2.292573781
6.490922996,4.372333382
8.50697907,3.881793835
7.413288341,3.290105906
,5.146442624
7.586235788,4.351335081
7.103348375,4.417193561
6.153495924,4.819970458
2.376768076,3.629217768
7.514835666,4.29973216
7.445189293,3.637894581
4.835297728,3.633760608
8.376279725,5.703962807
7.945909069,3.58543125
8.727778876,3.831540451
6.089430846,4.366860919
7.172323075,3.08421564
8.332953485,3.408299588
,3.955090834
4.563370643,4.825179226
,3.522486463
3.676844993,5.461473096
,3.517153023
7.889079735,4.034040701
5.525768545,4.401412624
4.858055602,4.130972247
3.272820098,4.318516117
7.117578658,4.333401737
7.822257363,3.080865919
4.334057806,2.613532097
,3.259749194
8.839583902,3.118039454
5.290666877,3.530573616
7.873271693,3.306392909
7.148440932,4.308569821
6.453605209,5.56826494
,4.940014517
5.654118943,3.466264458
7.650683237,4.043710884
6.418203057,2.670976747
6.848000113,3.815227609
6.991685153,3.72482356
5.924799469,4.188927904
7.526680395,4.148223129
,4.849755348
5.324641431,3.652003355
9.038326069,3.706265892
5.945988643,3.793329276
6.195086858,4.196558262
9.062822325,3.730369857
7.137428697,2.96418135
6.232010556,1.64151501
7.780868679,4.602026775
7.150046115,2.633890804
4.574124682,3.086499926
6.179312078,2.951960935
5.566328463,3.424760734
,5.136779753
7.185167714,3.955846978
,4.141552313
6.990452677,5.184441995
5.810742057,3.436966862
7.444165852,3.820865704
4.374877632,3.030107847
6.602539772,3.592496085
6.857493758,4.306581068
,3.888177383
6.789820821,4.512068205
8.560349291,2.939212581
,3.787475537
8.277058198,3.751324091
,5.068469998
6.921257043,3.540384278
5.63692356,3.007138099
6.607503311,3.447111219
4.95141352,3.870681285
5.913132933,3.900211314
,4.706774892
5.796236902,2.483643397
5.039673104,4.864866409
6.163519015,3.477244889
6.339142826,3.355765016
7.610672776,5.404817648
5.782079034,5.059361568
6.451503543,6.307678472
,3.685592896
6.9204487,4.498818336
6.549187601,4.190311121
6.393231345,3.644388127
6.100245391,2.174898199
6.35943131,3.636494911
6.272474991,4.61253578
,3.600220438
7.493843861,3.81994656
7.635264692,3.948303516
9.097617417,5.473663249
8.040144167,3.986459812
7.296908882,4.671448183
8.226808034,2.188701843
8.014183072,3.417076199
9.252893397,3.56643473
7.288112707,3.62698996
4.865444268,5.070254359
4.762828659,2.471786245
5.141506877,4.510578266
4.886379804,3.227849086
9.454119448,4.05862601
7.000523221,4.333688587
8.32398215,4.153782657
6.643158712,4.562197671
,5.709690241
6.758656471,2.743890222
8.628893415,3.071350371
9.794717849,2.807129775
5.376078292,3.629250322
5.603325961,3.900421361
8.592417714,3.701287942
7.266781486,3.919827045
8.064652809,3.324112614
,3.71095754
6.336456502,4.561219815
6.166348223,4.816304244
4.533399114,3.188640742
8.951652135,1.844371604
7.210773702,4.462408041
4.238282525,3.787425889
8.264090516,3.410510716
7.893312711,4.097360116
4.85558776,4.697153026
5.230453969,3.695615112
7.017295399,4.899611272
4.941972157,5.076146746
9.638222268,4.614369674
7.33739985,4.981833943
,3.735204451
,3.291942873
8.257596525,4.528574925
8.31526762,4.128525361
,3.293848374
7.171593555,4.62273611
6.941278904,4.178959772
,3.979296867
6.888547603,2.901432044
6.833111019,3.021573595
8.247958056,4.723230706
8.9223798,5.82182599
7.356056778,4.54991684
,3.893326832
9.752703227,3.422110475
6.844141767,3.412853175
6.910765112,4.340148944
8.801846046,4.031495953
6.283103588,2.663920734
6.35403811,4.935240394
5.92876734,3.59291229
6.823642006,3.386362672
7.342231249,4.261504364
7.146019716,5.393476357
5.089387791,3.054045201
8.594217251,4.489544794
8.149437298,4.949257361
9.271578533,3.54960841
7.021617481,3.85563625
7.833361001,4.270973138
6.643734376,3.920607408
6.761413709,4.350206872
7.243482154,4.763578512
7.990658239,3.160917459
7.612516823,2.939593472
6.080992869,2.09178684
7.888424515,2.998065931
6.658833572,3.96974044
,3.210752658
7.22299756,3.96625851
,3.125608701
6.427720561,2.9044534
5.023380784,4.477351412
,3.789195951
8.163999618,3.673088094
,3.537040785
5.272156459,4.063825854
6.903074331,4.473887011
7.466558358,4.991674871
7.397650663,3.078478788
,4.11358503
,3.4065632
5.53953369,3.755660187
7.376161138,4.010235394
9.318613916,4.642719286
6.701940912,4.179449581
5.547576263,4.448670726
9.001822865,3.976873452
9.130768887,4.771443755
4.07792047,4.789052053
7.125211076,3.908075346
13.54124024,3.529190957
7.171223723,2.2090918
,4.410673878
6.9777441,3.530622694
6.35716672,5.222077291
,4.464243686
8.339436757,4.133696122
6.27695651,3.214286497
10.94747264,3.112317482
9.871791232,3.652263831
4.317187354,4.078277145
4.227537386,4.479628314
4.140077139,3.167582571
5.349997297,3.838721385
7.578014308,3.503818511
7.710137891,3.898670803
8.330743319,2.408049129
6.510972335,3.96252511
,4.128746147
6.934310583,4.210975273
8.618653849,4.141341849
8.460963964,4.728493823
4.004248333,4.445946436
3.762097646,4.98606933
3.795132905,3.185083168
5.660736311,5.016187559
9.396148399,4.606058055
13.34988856,2.531074855
,3.77609972
7.817901281,4.622667687
,4.266869045
1.431781555,4.948442556
6.970036694,4.27528772
10.85186035,4.345012725
6.58800729,4.216454466
9.00435217,3.527893471
,4.374332547
4.328282516,3.708525863
7.417823927,3.470812079
3.261669787,4.280669331
,4.742163226
7.928831289,3.413572943
7.975329901,3.306129017
9.504157788,4.343041373
5.158722568,4.094605278
3.923473633,4.582982366
,3.673239558
5.849778285,3.643815888
5.890870359,4.37077656
5.963479205,3.727813323
6.106759636,3.924967064
6.898932482,3.688455553
8.091812332,4.370031238
7.611982389,6.494748556
8.886979332,4.731195077
6.532097274,4.599324041
7.833980482,4.254477177
11.56316906,5.107236014
6.782868548,5.468590847
8.28876546,3.580523461
0.97557799,2.53399627
7.528980405,3.644409765
9.764658134,3.024571178
10.19166524,3.403422698
2.92517432,3.678588221
,3.027946497
6.657793591,3.868925702
7.00523014,3.58986576
,3.761633184
6.227841922,4.599573327
6.392760459,4.421528142
6.088022489,4.173083496
3.961389047,4.0929659
4.275159673,3.732856051
7.301903491,3.430699188
10.89348473,3.634970396
6.79809746,3.571622599
11.49670245,3.132253296
5.808238634,4.81906373
,4.886633785
5.679330465,3.292071095
7.783305613,5.045619628
6.316470521,4.902735486
8.605374455,3.665323341
,5.185641935
7.057552646,4.486402627
4.850104171,3.885385518
,4.775120947
4.560916536,4.123621736
9.130828108,3.074134305
,2.840893066
4.233558617,3.515672079
5.571019711,3.931306748
,4.825701798
8.527142498,2.649423905
4.570854413,4.484185987
8.903733775,4.365169642
9.45993051,3.322889738
6.040281662,5.761580322
,3.978932656
4.663492192,3.742293454
5.726336216,3.912289082
10.93311072,3.894988624
4.281522089,4.371167168
7.948488372,3.891124346
6.825647037,2.804480385
7.285371191,3.694482047
5.984941215,3.488675274
5.368988344,3.73788278
4.016590233,4.417134153
,3.170543087
7.719000805,2.884818771
5.983731294,3.84938277
7.732601709,3.854993746
8.847880711,4.143450992
7.561832948,4.032150342
8.758560056,4.444375642
,3.228379217
3.832917409,4.768660397
3.730128007,4.943032174
5.801571267,4.425377564
3.678431807,4.480108576
5.14358748,3.09616449
6.628256197,4.464457184
,4.762871709
3.102075565,4.248075369
4.497585145,4.965738556
5.584124358,3.852731893
,4.858164686
10.33127328,2.673440871
9.130795899,3.025707369
4.618850847,4.322115889
6.931244178,4.897957118
5.602158585,4.067048745
7.520518927,4.227765964
5.58246982,4.048113258
7.992749619,4.062907043
8.210357973,3.716663875
9.901930594,4.226949554
,3.732339331
9.405875051,4.033733317
9.58789503,4.666916974
4.633202516,4.751858815
6.90111102,3.616498342
7.795557629,3.629252282
,4.592537979
0,4.92883998
8.39826106,2.62786247
6.255149749,3.146482536
11.49685889,5.005193167
,4.008443472
9.347344621,3.615151099
11.62114013,3.472067462
10.33767086,5.063108915
,3.954964292
5.287982808,3.311034005
7.617524134,3.698317397
7.149124568,3.787033415
8.651389727,3.26640974
5.290004371,3.532322498
5.369584181,3.357484436
8.747271524,4.764707508
8.040392261,3.017795963
8.550427815,4.903869628
7.739325711,3.645785495
7.104594899,4.763057991
6.988206155,1.899683002
7.86978187,4.219575578
8.85969604,4.575331195
7.39754401,3.947137888
5.174896032,3.44502808
,5.037492216
5.470981822,3.844019871
6.711814601,3.413646703
4.933106138,1.45
6.260891634,4.397386192
7.693555235,2.750695905
5.622807135,3.992956901
6.174884306,3.623297793
5.039406776,3.1269559
7.756939183,3.870338847
9.809996387,5.538200508
8.479592799,4.221265969
8.862867931,5.758675719
6.155738624,3.685975828
7.287286375,3.504265055
9.065894194,4.299502546
9.314522392,3.092940473
9.759937781,5.381745882
7.985406394,4.752451739
8.108350799,4.753358184
8.243090986,3.550716831
10.28937961,3.500166976
3.989032078,4.409414176
,3.832478703
8.519639043,3.427251407
,3.882003963
,4.647782246
4.495357679,4.962899585
,3.878664155
5.620533436,3.439475848
8.552993665,3.108673907
,3.86034761
10.2099558,4.112597752
,2.545631345
6.588207965,3.972255856
8.558388775,3.946227719
8.426906357,4.244513927
7.207538608,4.295189193
10.22768969,4.78632982
11.39054311,2.277358632
,3.216414002
6.580043295,4.756446279
10.81783108,3.590841128
5.093675135,4.552571442
5.264283802,5.100239665
7.971298747,2.439140009
8.35035104,3.507227581
,3.351766903
4.032060534,4.814235096
2.128531434,3.842109417
9.842056294,4.179197763
7.664628097,3.48740688
,3.19834386
7.260319682,4.282314756
9.537878629,3.024556641
1.985383359,3.923093197
7.248991198,4.255979651
6.96820896,3.63264389
6.150553015,4.810537179
6.300755509,5.708111883
6.920799599,4.915733469
6.481890279,5.002360533
,4.454964342
7.309596474,4.048202463
5.967274228,3.914543611
8.63127,3.640944003
9.172624519,3.686395202
,5.564901543
3.337628998,3.300191883
11.4497393,5.166903483
6.283678795,4.48077131
,3.543696299
8.761768405,4.673547855
6.61673069,3.622379242
7.734569203,3.821455975
6.971577182,3.226348501
4.709186747,3.860083952
5.23000319,3.045612106
5.27418539,4.364426392
8.433443104,3.824734138
6.847863212,4.92119573
7.26354507,3.950529737
6.733266883,3.765693648
,3.69194651
,3.399725616
7.777665366,4.683334813
6.103731305,3.38304892
6.665774201,4.903553219
,3.757799099
4.959852811,3.455044818
6.397905014,3.958543451
8.140344463,4.362792108
6.850625418,2.59383368
6.71477688,4.68485347
4.337119469,4.40163526
8.433290824,3.631542932
7.274212567,4.7102563
6.579184951,3.813556321
,3.4531255
8.651023363,3.644278972
8.357612993,4.366242228
,3.522586173
6.658741558,3.400987615
10.50378654,5.370457701
6.332386866,5.159001749
,4.238535197
6.730427772,3.961942035
8.2977832,4.239220572
6.259267533,3.932141959
8.076126298,4.291355258
5.731042139,3.675807027
6.563356597,5.292950181
5.303764337,4.024520851
7.647871554,3.078672724
,4.678745035
7.95145117,3.886882386
8.832142261,3.914511885
8.250830009,2.604707845
5.860574155,4.277241102
8.182103306,4.605237762
7.889579345,3.227360082
8.713482927,2.922194979
6.185924892,4.090264382
9.079715109,4.551724494
8.379512703,3.749818066
9.221955642,4.294251987
9.370696575,4.380796942
7.487573364,1.801326999
6.028348785,3.142083954
6.283318587,4.153989991
5.666446145,3.836823301
6.985303737,3.081799008
7.273368228,4.196421036
7.449659686,4.370404422
7.618119572,3.769699537
6.698153869,3.758179651
7.02729686,3.392666423
8.610963032,4.614400405
7.423586012,3.365397495
5.456680888,3.799472549
9.612898964,4.016409562
8.246919871,4.096619667
6.641174116,3.154701122
6.64606727,3.053983121
7.164478295,4.998203435
8.285071527,4.274661333
6.110022206,2.817780458
8.316663722,2.695799697
,1.922376883
9.004680613,3.775014984
6.886512603,3.599756493
9.293621613,3.661882214
6.985192202,4.246201595
5.094164361,4.710936484
6.150034401,3.444442492
6.18969926,3.02737148
7.497987815,5.738991025
6.965279872,3.969318296
5.412119545,5.680346587
7.503085765,4.305513625
,3.993125742
8.581042821,2.883145377
5.530055021,3.327472139
8.743958545,4.11897308
9.05238369,4.259719452
8.077260886,4.279871302
6.682097359,3.44982947
4.731320076,5.457892224
9.241419974,4.718850871
5.628313272,4.061644661
4.857802624,3.966570845
8.430471662,3.253920433
6.81760838,3.04829206
5.91375532,4.023775902
,2.674040012
5.500276575,5.147535911
5.608623152,3.777508267
5.609235359,3.224675518
,4.1190873
5.859822104,3.426634075
6.417716047,4.210327061
6.170526139,3.652207496
4.034063411,5.024742307
4.979468811,3.439021651
8.097453771,4.279082404
,3.345543355
8.468741063,2.876995631
7.870853412,4.221613951
7.679595096,3.297525234
7.226592711,4.337116899
,3.065910372
8.659113027,2.89577428
,3.855894987
6.360195819,2.713248379
10.48560365,4.669239858
6.603416523,4.270816604
5.713322921,4.571127866
4.767472455,3.893377808
9.609834365,4.308357589
9.186453377,3.453861456
9.960689858,3.434538463
6.102306794,4.280766478
6.792655098,1.917754393
5.910539738,4.007508148
6.125810325,4.953057691
5.836104525,3.738990829
,4.331690903
10.66736393,4.135568909
8.628301074,5.100857854
6.26011129,5.403614892
10.80815694,4.362542227
7.371914156,4.338957326
4.825591458,3.463097154
4.868827135,3.255600174
7.395450847,4.990235633
8.86211271,4.955081793
6.00897361,4.012340383
7.607223911,3.525027131
6.683367697,5.208061134
6.638411449,5.16405662
9.271355447,4.333952898
,3.699558048
3.629922065,4.754826393
8.378108023,4.52469297
6.923636014,4.013338801
5.893103408,4.390701604
8.197353369,3.361833324
8.372910285,4.906358241
8.989900091,4.613842848
6.702546553,3.442983035
11.49101091,4.369264314
6.069615757,3.669711704
4.668101687,4.43582091
7.808856018,2.798242842
9.419510316,3.298875499
5.126762923,4.708658468
7.874671358,2.309149057
